[{"id":"1","titulo":"Casa de Lujo en la montaña","transaccion":"Venta","descripcion":"Casa en la montaña con excelente vista, acabados de lujo a un precio irresistible","precio":"45000000","num_wc":"3","num_estacionamiento":"1","num_dormitorio":"5","active":"true"},{"id":"2","titulo":"papa oso","transaccion":"Venta","descripcion":"loco, no te voy a vender mi casa","precio":"4","num_wc":"3","num_estacionamiento":"1","num_dormitorio":"2","active":"false"},{"id":"3","titulo":"algo","transaccion":"Venta","descripcion":"ah, re loco","precio":"10","num_wc":"1","num_estacionamiento":"1","num_dormitorio":"1","active":"false"},{"id":"4","titulo":"algo","transaccion":"Alquiler","descripcion":"se alquila algo. $4, 3 baños 1 habitacion y 2 garages","precio":"4","num_wc":"3","num_estacionamiento":"2","num_dormitorio":"1","active":"false"},{"id":"5","titulo":"algo","transaccion":"Venta","descripcion":"ppppppp","precio":"5","num_wc":"1","num_estacionamiento":"1","num_dormitorio":"1","active":"false"},{"id":"6","titulo":"casa en la luna","transaccion":"Alquiler","descripcion":"una casa en la luna. ","precio":"75600","num_wc":"3","num_estacionamiento":"3","num_dormitorio":"5","active":"false"},{"id":"7","titulo":"algo","transaccion":"Venta","descripcion":"una mansion de lujo","precio":"80000000","num_wc":"3","num_estacionamiento":"2","num_dormitorio":"5","active":"false"}]