[
    {
        "id": 1,
        "nombre": "Ingaberg",
        "edad": 62,
        "email": "istollen0@hibu.com"
    },
    {
        "id": 2,
        "nombre": "Orton",
        "edad": 39,
        "email": "obenfell1@surveymonkey.com"
    },
    {
        "id": 3,
        "nombre": "Gaelan",
        "edad": 77,
        "email": "gkitney2@godaddy.com"
    },
    {
        "id": 4,
        "nombre": "Arabel",
        "edad": 36,
        "email": "astubbes3@aboutads.info"
    },
    {
        "id": 6,
        "nombre": "Jonathon",
        "edad": 94,
        "email": "jaloigi5@jugem.jp"
    },
    {
        "id": 7,
        "nombre": "Candida",
        "edad": 2,
        "email": "ccicco6@google.ru"
    },
    {
        "id": 8,
        "nombre": "Bernie",
        "edad": 79,
        "email": "bmcguckin7@imdb.com"
    },
    {
        "id": 9,
        "nombre": "Sebastian",
        "edad": "19",
        "email": "sebastianrilo@gmail.com"
    }
]