[{"id":1,"nombre":"Ernesto","apellido":"Sabato","edad":65,"clave":"1234","sexo":"Masculino","email":"erneSabato@gmail.com","fotoUno":".\/archivos\/imagenes\/erneSabato@gmail.com_1.jpg","fotoDos":".\/archivos\/imagenes\/erneSabato@gmail.com_2.jpg"},{"id":2,"nombre":"Sebastian","apellido":"Rilo","edad":5,"clave":"1234","sexo":"Masculino","email":"sebastianrilo@gmail.com","fotoUno":".\/archivos\/imagenes\/sebastianrilo@gmail.com_1.jpg","fotoDos":".\/archivos\/imagenes\/sebastianrilo@gmail.com_2.jpg"},{"id":3,"nombre":"santino","apellido":"parlaparla","edad":4,"clave":"1234","sexo":"Masculino","email":"santinoParla@gmail.com","fotoUno":".\/archivos\/imagenes\/santinoParla@gmail.com_1.jpg","fotoDos":".\/archivos\/imagenes\/santinoParla@gmail.com_2.jpg"}]