[{"id":1,"titulo":"Casa de Lujo en la montaña","transaccion":"Venta","descripcion":"algo mmm","precio":"EUR$ 1","num_wc":"1","num_estacionamiento":"1","num_dormitorio":"1","active":"false"},{"id":"2","titulo":"algo","transaccion":"Alquiler","descripcion":"algo mas","precio":"EUR$ 6","num_wc":"1","num_estacionamiento":"1","num_dormitorio":"1","active":"true"},{"id":"3","titulo":"www","transaccion":"Venta","descripcion":"qqqº","precio":"EUR$ 0","num_wc":"3","num_estacionamiento":"2","num_dormitorio":"4","active":"false"}]